{
	"credit": "Made with Blockbench",
	"texture_size": [128, 128],
	"textures": {
		"0": "custom/rune_table",
		"particle": "custom/rune_table"
	},
	"elements": [
		{
			"from": [-1, 30, -16],
			"to": [17, 32, 19],
			"faces": {
				"north": {"uv": [10.25, 9.25, 12.5, 9.5], "texture": "#0"},
				"east": {"uv": [10.25, 8.75, 14.625, 9], "texture": "#0"},
				"south": {"uv": [10.25, 9.5, 12.5, 9.75], "texture": "#0"},
				"west": {"uv": [10.25, 9, 14.625, 9.25], "texture": "#0"},
				"up": {"uv": [8.25, 7.875, 6, 3.5], "texture": "#0"},
				"down": {"uv": [8.25, 7.875, 6, 12.25], "texture": "#0"}
			}
		},
		{
			"from": [-9, 23, 17],
			"to": [25, 30, 24],
			"faces": {
				"north": {"uv": [10.25, 5.25, 14.5, 6.125], "texture": "#0"},
				"east": {"uv": [4.125, 8.25, 5, 9.125], "texture": "#0"},
				"south": {"uv": [10.25, 6.125, 14.5, 7], "texture": "#0"},
				"west": {"uv": [5, 8.25, 5.875, 9.125], "texture": "#0"},
				"up": {"uv": [14.5, 7.875, 10.25, 7], "texture": "#0"},
				"down": {"uv": [14.5, 7.875, 10.25, 8.75], "texture": "#0"}
			}
		},
		{
			"from": [-16, 16, -16],
			"to": [32, 30, 17],
			"faces": {
				"north": {"uv": [6, 0, 12, 1.75], "texture": "#0"},
				"east": {"uv": [0, 8.25, 4.125, 10], "texture": "#0"},
				"south": {"uv": [6, 1.75, 12, 3.5], "texture": "#0"},
				"west": {"uv": [8.25, 3.5, 12.375, 5.25], "texture": "#0"},
				"up": {"uv": [6, 4.125, 0, 0], "texture": "#0"},
				"down": {"uv": [6, 4.125, 0, 8.25], "texture": "#0"}
			}
		},
		{
			"from": [0, 0, 0],
			"to": [16, 16, 16],
			"faces": {
				"north": {"uv": [8.25, 5.25, 10.25, 7.25], "texture": "#0"},
				"east": {"uv": [8.25, 7.25, 10.25, 9.25], "texture": "#0"},
				"south": {"uv": [8.25, 9.25, 10.25, 11.25], "texture": "#0"},
				"west": {"uv": [0, 10, 2, 12], "texture": "#0"},
				"up": {"uv": [4, 12, 2, 10], "texture": "#0"},
				"down": {"uv": [6, 10, 4, 12], "texture": "#0"}
			}
		}
	]
}