{
	"credit": "Created by Eevee 17",
	"texture_size": [64, 64],
	"textures": {
		"0": "custom/core_smasher",
		"particle": "custom/core_smasher"
	},
	"elements": [
		{
			"from": [7, 0, 7],
			"to": [9, 32, 9],
			"faces": {
				"north": {"uv": [3.5, 7.5, 4, 15.5], "texture": "#0"},
				"east": {"uv": [4, 7.5, 4.5, 15.5], "texture": "#0"},
				"south": {"uv": [4.5, 7.5, 5, 15.5], "texture": "#0"},
				"west": {"uv": [5, 7.5, 5.5, 15.5], "texture": "#0"},
				"up": {"uv": [6, 8, 5.5, 7.5], "texture": "#0"},
				"down": {"uv": [6, 8, 5.5, 8.5], "texture": "#0"}
			}
		},
		{
			"from": [1, 16, -10],
			"to": [15, 31, 14],
			"faces": {
				"north": {"uv": [0, 7.5, 3.5, 11.25], "texture": "#0"},
				"east": {"uv": [0, 0, 6, 3.75], "texture": "#0"},
				"south": {"uv": [9.5, 0, 13, 3.75], "texture": "#0"},
				"west": {"uv": [0, 3.75, 6, 7.5], "texture": "#0"},
				"up": {"uv": [9.5, 6, 6, 0], "texture": "#0"},
				"down": {"uv": [9.5, 6, 6, 12], "texture": "#0"}
			}
		}
	],
	"display": {
		"thirdperson_righthand": {
			"translation": [0, 2, 2]
		},
		"thirdperson_lefthand": {
			"translation": [0, 2, 2]
		},
		"gui": {
			"rotation": [15, 144, 0],
			"translation": [1.25, -3.25, 0],
			"scale": [0.4, 0.4, 0.4]
		}
	}
}