{
	"credit": "Created by Eevee 17",
	"texture_size": [48, 48],
	"textures": {
		"0": "custom/moss_crusher",
		"particle": "custom/moss_crusher"
	},
	"elements": [
		{
			"from": [7, 0, 7],
			"to": [9, 18, 9],
			"faces": {
				"north": {"uv": [6, 4.66667, 6.66667, 10.66667], "texture": "#0"},
				"east": {"uv": [6.66667, 0, 7.33333, 6], "texture": "#0"},
				"south": {"uv": [6.66667, 6, 7.33333, 12], "texture": "#0"},
				"west": {"uv": [2, 7, 2.66667, 13], "texture": "#0"},
				"up": {"uv": [6, 7.66667, 5.33333, 7], "texture": "#0"},
				"down": {"uv": [8, 2.66667, 7.33333, 3.33333], "texture": "#0"}
			}
		},
		{
			"from": [6, 1, 6],
			"to": [10, 3, 10],
			"faces": {
				"north": {"uv": [7.33333, 0, 8.66667, 0.66667], "texture": "#0"},
				"east": {"uv": [7.33333, 0.66667, 8.66667, 1.33333], "texture": "#0"},
				"south": {"uv": [7.33333, 1.33333, 8.66667, 2], "texture": "#0"},
				"west": {"uv": [7.33333, 2, 8.66667, 2.66667], "texture": "#0"},
				"up": {"uv": [4, 8.33333, 2.66667, 7], "texture": "#0"},
				"down": {"uv": [5.33333, 7, 4, 8.33333], "texture": "#0"}
			}
		},
		{
			"from": [5, 18, 1],
			"to": [11, 25, 15],
			"faces": {
				"north": {"uv": [2, 4.66667, 4, 7], "texture": "#0"},
				"east": {"uv": [0, 0, 4.66667, 2.33333], "texture": "#0"},
				"south": {"uv": [4, 4.66667, 6, 7], "texture": "#0"},
				"west": {"uv": [0, 2.33333, 4.66667, 4.66667], "texture": "#0"},
				"up": {"uv": [2, 9.33333, 0, 4.66667], "texture": "#0"},
				"down": {"uv": [6.66667, 0, 4.66667, 4.66667], "texture": "#0"}
			}
		}
	],
	"display": {
		"thirdperson_righthand": {
			"translation": [0, -3, 2]
		},
		"thirdperson_lefthand": {
			"translation": [0, -3, 2]
		},
		"ground": {
			"rotation": [0, 0, 87],
			"translation": [5, -1.75, 0]
		},
		"gui": {
			"rotation": [20, 45, 0],
			"translation": [0, -3, 0],
			"scale": [0.5, 0.5, 0.5]
		}
	}
}